"coefficient","estimate","std_error","z_value","p_value","min_time","max_time"
"score_diff",0.0798148980595633,0.00404561397854471,19.7287478446657,1.22158733944755e-86,2300,2400
"favored_by",0.159973747218575,0.00106953915611894,149.572595171808,0,2300,2400
"score_diff",0.0828745231772669,0.00366520829517545,22.6111359854651,3.36759852330582e-113,2290,2390
"favored_by",0.159819796407563,0.00107698195188764,148.395983913607,0,2290,2390
"score_diff",0.0854576527238514,0.00336208723684482,25.4180354951319,1.59364970135016e-142,2280,2380
"favored_by",0.159763676447811,0.00106985193925556,149.332510963134,0,2280,2380
"score_diff",0.0851217966738875,0.00311965895443929,27.2856097147282,6.28532156785253e-164,2270,2370
"favored_by",0.16002178294588,0.00106522476499928,150.223491045093,0,2270,2370
"score_diff",0.0884948984323336,0.00292378843695447,30.2672030964434,3.09834271842752e-201,2260,2360
"favored_by",0.160410007577047,0.00105780758446254,151.643843297408,0,2260,2360
"score_diff",0.0879584568006511,0.00275159075060816,31.966402264294,3.19686601968807e-224,2250,2350
"favored_by",0.159643870988486,0.00104995946795421,152.047651229378,0,2250,2350
"score_diff",0.0876536325551636,0.00259970056868818,33.7168186255365,3.27754015953412e-249,2240,2340
"favored_by",0.158884332985995,0.00104280976826973,152.36176129192,0,2240,2340
"score_diff",0.088547473669695,0.00247463047044403,35.7820994800111,2.09695401171952e-280,2230,2330
"favored_by",0.158769363961802,0.00103989501434604,152.678262489457,0,2230,2330
"score_diff",0.0885772449980694,0.00236342053007489,37.478410579459,2.07036868069915e-307,2220,2320
"favored_by",0.158615561198145,0.00103743102394308,152.892633377472,0,2220,2320
"score_diff",0.0907887301406663,0.00226970533080247,40.0002277425886,0,2210,2310
"favored_by",0.15880680847286,0.00103697407331292,153.144434909066,0,2210,2310
"score_diff",0.0928384260750867,0.00219253578647033,42.3429467596255,0,2200,2300
"favored_by",0.159066028883967,0.00103799907678738,153.242938689578,0,2200,2300
"score_diff",0.0933445453579987,0.00211418248100279,44.1516028993506,0,2190,2290
"favored_by",0.15920297493849,0.00103773501330957,153.413899402658,0,2190,2290
"score_diff",0.094416952179487,0.00205077453459858,46.0396550603591,0,2180,2280
"favored_by",0.158548013146081,0.00103584765585067,153.061130418716,0,2180,2280
"score_diff",0.094930154420994,0.00198749173018695,47.7637984496491,0,2170,2270
"favored_by",0.158154159379338,0.001032357011381,153.197157219646,0,2170,2270
"score_diff",0.095306183198082,0.00193355470243947,49.2906578116663,0,2160,2260
"favored_by",0.157188697715658,0.00103007029571275,152.599971448447,0,2160,2260
"score_diff",0.0963014583436911,0.00186810729815293,51.5502821700381,0,2150,2250
"favored_by",0.156894785439838,0.00102054667694453,153.73602107997,0,2150,2250
"score_diff",0.0961510214618305,0.00182394163212253,52.7160627119077,0,2140,2240
"favored_by",0.157901441794097,0.00102223543061717,154.466805849965,0,2140,2240
"score_diff",0.0986787979245184,0.0017799735157599,55.4383517792908,0,2130,2230
"favored_by",0.15688650761237,0.00101572008740362,154.458407939339,0,2130,2230
"score_diff",0.0997235103990379,0.00174386409576888,57.1853681952602,0,2120,2220
"favored_by",0.156190165991046,0.0010132435348069,154.148692417576,0,2120,2220
"score_diff",0.0998794075090999,0.00171426526997805,58.2636825573551,0,2110,2210
"favored_by",0.156753879454886,0.00101518330128183,154.409434490263,0,2110,2210
"score_diff",0.0995080329331541,0.00168625041673007,59.0114208102717,0,2100,2200
"favored_by",0.156600312467037,0.00101665533745628,154.034810714572,0,2100,2200
"score_diff",0.100696740167696,0.00166444174994809,60.4988069848866,0,2090,2190
"favored_by",0.155837072379799,0.00101612023244163,153.364796216427,0,2090,2190
"score_diff",0.0999451969450368,0.00163528066757115,61.1180691651443,0,2080,2180
"favored_by",0.15507997509363,0.00101542574292964,152.724092503509,0,2080,2180
"score_diff",0.101517050481548,0.00162045070552277,62.6474166326445,0,2070,2170
"favored_by",0.155805183131641,0.00102319048125284,152.273878604565,0,2070,2170
"score_diff",0.102189390381856,0.00159497669172209,64.0695195812064,0,2060,2160
"favored_by",0.155461382510489,0.00102132179112178,152.2158675766,0,2060,2160
"score_diff",0.102671311171338,0.00158335836656879,64.8440134205573,0,2050,2150
"favored_by",0.155760012857724,0.00103317005018132,150.759318691428,0,2050,2150
"score_diff",0.103368988727449,0.00156494602426836,66.0527501424695,0,2040,2140
"favored_by",0.155103516663072,0.00103671195470171,149.611004252092,0,2040,2140
"score_diff",0.102573330219955,0.00154783149286793,66.2690549278721,0,2030,2130
"favored_by",0.155662460363588,0.00104536279581386,148.90759551319,0,2030,2130
"score_diff",0.103211840459811,0.00153328232552513,67.3143091403356,0,2020,2120
"favored_by",0.156084779602187,0.00105123766359888,148.477156980692,0,2020,2120
"score_diff",0.103804927021542,0.00151432689523942,68.5485593288165,0,2010,2110
"favored_by",0.155775223188505,0.00105405498569933,147.786619580527,0,2010,2110
"score_diff",0.103419260894829,0.00149331073530762,69.2550173581419,0,2000,2100
"favored_by",0.155610936967681,0.00105465997864123,147.546071832707,0,2000,2100
"score_diff",0.103401631731957,0.00146852665988023,70.4118178830955,0,1990,2090
"favored_by",0.155208438877572,0.00105402790144669,147.252685307992,0,1990,2090
"score_diff",0.104149607207429,0.00145163523488961,71.7464034381539,0,1980,2080
"favored_by",0.15502234434573,0.00105209736583243,147.346005588632,0,1980,2080
"score_diff",0.103974202182703,0.00143278640942461,72.5678311147978,0,1970,2070
"favored_by",0.154504417013937,0.00104954411474035,147.210979361416,0,1970,2070
"score_diff",0.103507163188662,0.00141791260671199,72.9996776237756,0,1960,2060
"favored_by",0.154769759084009,0.0010528590681613,146.999502368628,0,1960,2060
"score_diff",0.103796593539143,0.00139898352567877,74.1942929519363,0,1950,2050
"favored_by",0.153546234912128,0.00104769522446315,146.556203871986,0,1950,2050
"score_diff",0.104604390716069,0.00138853827383142,75.3341788897412,0,1940,2040
"favored_by",0.153691131197996,0.00105024103897194,146.338912206708,0,1940,2040
"score_diff",0.106069488299245,0.00137487248214824,77.148600816791,0,1930,2030
"favored_by",0.152397170897415,0.00104528502567626,145.794847485566,0,1930,2030
"score_diff",0.105881605622722,0.00136207480576142,77.7355290435256,0,1920,2020
"favored_by",0.152692195851664,0.00104608094519862,145.965947045018,0,1920,2020
"score_diff",0.106731622057526,0.00133848609118247,79.7405537200876,0,1910,2010
"favored_by",0.152074407268733,0.00103555135031028,146.853564744199,0,1910,2010
"score_diff",0.106964888312998,0.00132094850539424,80.9758199325676,0,1900,2000
"favored_by",0.152195366616685,0.00103269958133934,147.376225735754,0,1900,2000
"score_diff",0.10827668012121,0.00131267129162479,82.485753144786,0,1890,1990
"favored_by",0.152249716867661,0.00103136892990582,147.619064772064,0,1890,1990
"score_diff",0.10861778105208,0.00130514815948066,83.2225676932344,0,1880,1980
"favored_by",0.152840725879998,0.00103482597378023,147.697032885316,0,1880,1980
"score_diff",0.109400053136797,0.00129654029616586,84.3784442799933,0,1870,1970
"favored_by",0.152199681850542,0.00103262822290862,147.390588862503,0,1870,1970
"score_diff",0.110828061895056,0.00128977843398259,85.9279849740086,0,1860,1960
"favored_by",0.151693241934438,0.00103140670346553,147.074128396439,0,1860,1960
"score_diff",0.111169277773823,0.00128461786863013,86.5387914091292,0,1850,1950
"favored_by",0.152247857634147,0.00103666819656323,146.862668439989,0,1850,1950
"score_diff",0.112081271086298,0.00127824643574376,87.683617143108,0,1840,1940
"favored_by",0.151235432850228,0.00103340211300676,146.347129492698,0,1840,1940
"score_diff",0.111686455340827,0.00127387649020446,87.6744772351525,0,1830,1930
"favored_by",0.151531971238788,0.00103809894996315,145.97064301449,0,1830,1930
"score_diff",0.111914211717328,0.00126970907504117,88.141617569914,0,1820,1920
"favored_by",0.15173561182951,0.00104119861675986,145.731668662508,0,1820,1920
"score_diff",0.1124857898593,0.00127567586638932,88.1774068342931,0,1810,1910
"favored_by",0.151212711542659,0.00104944405164221,144.088397381486,0,1810,1910
"score_diff",0.113454212720833,0.00127394306850237,89.0575218986893,0,1800,1900
"favored_by",0.150595842869512,0.00105414201327638,142.861057592653,0,1800,1900
"score_diff",0.112999219682254,0.00126658018495044,89.2160015014569,0,1790,1890
"favored_by",0.149859587977885,0.00105528857400957,142.008159349714,0,1790,1890
"score_diff",0.114524637871637,0.00126384552874546,90.6160090508203,0,1780,1880
"favored_by",0.149395427311952,0.00105811504724701,141.190154795215,0,1780,1880
"score_diff",0.114425675617279,0.00125400909160231,91.2478835947445,0,1770,1870
"favored_by",0.148350959032374,0.00105553076917097,140.546314105928,0,1770,1870
"score_diff",0.114453032138125,0.00124735961462926,91.756243184242,0,1760,1860
"favored_by",0.148505815390748,0.00105924381026379,140.199842521398,0,1760,1860
"score_diff",0.115889997585079,0.00124503759779892,93.0815244374616,0,1750,1850
"favored_by",0.148879100871752,0.00106254455648718,140.115630881356,0,1750,1850
"score_diff",0.115510021377781,0.00123664954814308,93.4056229197897,0,1740,1840
"favored_by",0.148576130775369,0.00106305070423784,139.763917358854,0,1740,1840
"score_diff",0.116459209744356,0.00123047015997,94.6461064502327,0,1730,1830
"favored_by",0.14804360014666,0.00106168274479484,139.442409582787,0,1730,1830
"score_diff",0.117320681069162,0.00122268910615352,95.9529944928053,0,1720,1820
"favored_by",0.146968967046681,0.00105883195197759,138.802920304951,0,1720,1820
"score_diff",0.118077072182449,0.00121504013632433,97.1795652279019,0,1710,1810
"favored_by",0.147016932766252,0.00105775637544174,138.989408317065,0,1710,1810
"score_diff",0.118657190566006,0.00120892684886978,98.1508440125533,0,1700,1800
"favored_by",0.146533141543023,0.00105496558095681,138.898504546588,0,1700,1800
"score_diff",0.119538765315154,0.00120499285141353,99.2028833821938,0,1690,1790
"favored_by",0.145892970240968,0.00105537110698652,138.238548767502,0,1690,1790
"score_diff",0.119618602286884,0.00120048241817877,99.6421109343326,0,1680,1780
"favored_by",0.146282836302248,0.00105952033524729,138.065152159732,0,1680,1780
"score_diff",0.120807298576591,0.00119033389556706,101.490261704293,0,1670,1770
"favored_by",0.1472447263677,0.00105753714164934,139.233621750681,0,1670,1770
"score_diff",0.120958212885594,0.00117804411519006,102.677150478426,0,1660,1760
"favored_by",0.146963759011351,0.00104986352625519,139.983679150721,0,1660,1760
"score_diff",0.12083352156535,0.0011683127914494,103.425660019904,0,1650,1750
"favored_by",0.145835398348931,0.00104281682157819,139.847569900364,0,1650,1750
"score_diff",0.121608716782443,0.00116219286182577,104.637294529068,0,1640,1740
"favored_by",0.145367354326001,0.0010417005376612,139.548122584612,0,1640,1740
"score_diff",0.121325700875867,0.00115540767203584,105.006833356134,0,1630,1730
"favored_by",0.145329159576349,0.00104265294045352,139.384021219117,0,1630,1730
"score_diff",0.121555646011137,0.00115411616988669,105.323579361228,0,1620,1720
"favored_by",0.145716700357209,0.00104724687405636,139.142645318002,0,1620,1720
"score_diff",0.121645237423512,0.00115135379012897,105.654090398995,0,1610,1710
"favored_by",0.144711843410527,0.00104729424679423,138.176872310231,0,1610,1710
"score_diff",0.121827666665311,0.00115041774635023,105.898632954695,0,1600,1700
"favored_by",0.145116970738329,0.00105378440712389,137.710303699027,0,1600,1700
"score_diff",0.122024733288714,0.00114543588990637,106.531264092561,0,1590,1690
"favored_by",0.145202225028306,0.001056279019086,137.465785464479,0,1590,1690
"score_diff",0.121784547228287,0.00113943084806215,106.881911645107,0,1580,1680
"favored_by",0.144012923833064,0.00105323032279286,136.734502146865,0,1580,1680
"score_diff",0.123141953512841,0.00114736196689033,107.326159543697,0,1570,1670
"favored_by",0.143576636854627,0.001061959102547,135.199779831703,0,1570,1670
"score_diff",0.124315151728756,0.00115051686355633,108.051568531112,0,1560,1660
"favored_by",0.142412513443479,0.00106695917375658,133.475129083026,0,1560,1660
"score_diff",0.125456662223947,0.00115600792735674,108.525780191498,0,1550,1650
"favored_by",0.142093569715214,0.00107350271046525,132.364425660026,0,1550,1650
"score_diff",0.126466546326134,0.00115652606261418,109.350364349138,0,1540,1640
"favored_by",0.141805013151655,0.00107720242804074,131.641936056137,0,1540,1640
"score_diff",0.128267473055736,0.00115911868695851,110.65948163799,0,1530,1630
"favored_by",0.141654957451886,0.00108105261090184,131.034286419893,0,1530,1630
"score_diff",0.128522290391056,0.00115438989077942,111.333520344916,0,1520,1620
"favored_by",0.140884207212415,0.00107745488416152,130.756479258109,0,1520,1620
"score_diff",0.129814997368697,0.00115459166870686,112.433686200152,0,1510,1610
"favored_by",0.141003927324452,0.00107945252808805,130.62540839494,0,1510,1610
"score_diff",0.129962600491455,0.00114892430567134,113.116764829442,0,1500,1600
"favored_by",0.140650218560418,0.00107862391161946,130.397831019009,0,1500,1600
"score_diff",0.130938769821532,0.00114939894238745,113.919340790027,0,1490,1590
"favored_by",0.140497103333521,0.00107963737843779,130.133604244804,0,1490,1590
"score_diff",0.132026612841616,0.00115026879111981,114.778922857748,0,1480,1580
"favored_by",0.140647446659454,0.00108031176195613,130.191535085004,0,1480,1580
"score_diff",0.132225949400109,0.00114703308562267,115.276491199319,0,1470,1570
"favored_by",0.140732402124846,0.00108150337563843,130.126641575916,0,1470,1570
"score_diff",0.131904335932283,0.00114341231544409,115.360254696096,0,1460,1560
"favored_by",0.13996019287496,0.00107783034209898,129.853639676166,0,1460,1560
"score_diff",0.132302526297518,0.00114008019043896,116.046684616612,0,1450,1550
"favored_by",0.13974202550028,0.00107606714324588,129.86366731611,0,1450,1550
"score_diff",0.13260878483221,0.00113853437263745,116.473237891815,0,1440,1540
"favored_by",0.139514751217089,0.00107747212137558,129.48339771332,0,1440,1540
"score_diff",0.133517173857979,0.00112718744115596,118.451615927386,0,1430,1530
"favored_by",0.138542088038633,0.00106717767191163,129.821014518101,0,1430,1530
"score_diff",0.133255194985306,0.00111592260273767,119.412578128979,0,1420,1520
"favored_by",0.138238207350764,0.00106341650962741,129.994415263685,0,1420,1520
"score_diff",0.134106282947483,0.00111073951303543,120.736033402645,0,1410,1510
"favored_by",0.137367059719654,0.00105977436618589,129.619156777716,0,1410,1510
"score_diff",0.134824011828739,0.00110919336611774,121.55140478403,0,1400,1500
"favored_by",0.13715533728313,0.00105991698197736,129.401962243548,0,1400,1500
"score_diff",0.135594730788321,0.00111063425315076,122.087654332335,0,1390,1490
"favored_by",0.136603819938081,0.00106106305336204,128.742414982073,0,1390,1490
"score_diff",0.135825848123971,0.00110797582057571,122.589180739878,0,1380,1480
"favored_by",0.136741801228131,0.00106423354852189,128.488527182826,0,1380,1480
"score_diff",0.136528717566644,0.0011096036596365,123.042778726387,0,1370,1470
"favored_by",0.136204220002022,0.00106747700159522,127.594524096052,0,1370,1470
"score_diff",0.137340740636994,0.00111164883213727,123.546876195552,0,1360,1460
"favored_by",0.136355844724325,0.00107540592955332,126.794767424206,0,1360,1460
"score_diff",0.138877524101587,0.00111476134410529,124.580498629552,0,1350,1450
"favored_by",0.135559977988283,0.00107819971510717,125.728078099899,0,1350,1450
"score_diff",0.139504622817485,0.00111376063696474,125.255479667219,0,1340,1440
"favored_by",0.13504381942934,0.00108040248415857,124.993991970051,0,1340,1440
"score_diff",0.139774793747011,0.00112196634575263,124.580201782477,0,1330,1430
"favored_by",0.134899826304709,0.00109048387644432,123.706392381123,0,1330,1430
"score_diff",0.140871647363525,0.00113173469086038,124.474091411328,0,1320,1420
"favored_by",0.134449878664177,0.00109726786296278,122.531501379384,0,1320,1420
"score_diff",0.141487301430828,0.00113680906806682,124.460039425469,0,1310,1410
"favored_by",0.134983692351042,0.00110622592130584,122.021812860523,0,1310,1410
"score_diff",0.142068958725331,0.00113814420857054,124.825094795117,0,1300,1400
"favored_by",0.133403443915699,0.00110568782567825,120.651996718754,0,1300,1400
"score_diff",0.142656626693062,0.00113884828249818,125.263943306066,0,1290,1390
"favored_by",0.132670698509903,0.00110524916184428,120.036913928549,0,1290,1390
"score_diff",0.142781823952148,0.00113608719768661,125.678578407442,0,1280,1380
"favored_by",0.132295503969771,0.0011053796430737,119.683318576322,0,1280,1380
"score_diff",0.143685887580296,0.00113502638747935,126.592552530335,0,1270,1370
"favored_by",0.130906240226136,0.00110173206570912,118.81858057919,0,1270,1370
"score_diff",0.144560882495228,0.00113626848699225,127.224229264588,0,1260,1360
"favored_by",0.131660523516402,0.00110448575103408,119.205271225214,0,1260,1360
"score_diff",0.143948742670173,0.001126007712582,127.839926016218,0,1250,1350
"favored_by",0.130942731240743,0.00110027941180392,119.008617116684,0,1250,1350
"score_diff",0.143353657060684,0.0011195065366754,128.050754832036,0,1240,1340
"favored_by",0.131238085406147,0.00109755183419776,119.573473723065,0,1240,1340
"score_diff",0.143921028031573,0.00111857312691552,128.664836092065,0,1230,1330
"favored_by",0.130849692013962,0.00109795073446087,119.176287156648,0,1230,1330
"score_diff",0.144221786847956,0.00113084358358882,127.534690863485,0,1220,1320
"favored_by",0.130757342630294,0.001112967267118,117.485344352388,0,1220,1320
"score_diff",0.144033067390802,0.001155696767223,124.628770691205,0,1210,1310
"favored_by",0.130154858190239,0.0011346368368459,114.710587532173,0,1210,1310
"score_diff",0.14595601408406,0.00102515465630759,142.374629219132,0,1200,1300
"favored_by",0.129958335216203,0.00100654977964415,129.112675641485,0,1200,1300
"score_diff",0.146220785878873,0.00105571903185797,138.503504688684,0,1190,1290
"favored_by",0.130148071501325,0.00103946354629915,125.20696080656,0,1190,1290
"score_diff",0.146872920098224,0.00105622335564308,139.054793016578,0,1180,1280
"favored_by",0.129157287350213,0.00104017221006229,124.169138629918,0,1180,1280
"score_diff",0.147453005623457,0.00106532906205798,138.410760463635,0,1170,1270
"favored_by",0.129018118650407,0.00104964506050392,122.915948928934,0,1170,1270
"score_diff",0.147800750401683,0.00107077919440603,138.031025606236,0,1160,1260
"favored_by",0.12822379485781,0.00105559662909243,121.470447445492,0,1160,1260
"score_diff",0.148465065567016,0.00107849024893268,137.660090774064,0,1150,1250
"favored_by",0.128016628346838,0.00106425077362837,120.288029399676,0,1150,1250
"score_diff",0.150259144983177,0.00109112944457808,137.709733459975,0,1140,1240
"favored_by",0.127431166330991,0.00107394630896,118.656924715719,0,1140,1240
"score_diff",0.151020630325509,0.00109635582409954,137.747825118314,0,1130,1230
"favored_by",0.126861972168789,0.00107881242076535,117.594096737214,0,1130,1230
"score_diff",0.152499880395307,0.00109329354542329,139.486674035255,0,1120,1220
"favored_by",0.126652112672576,0.00107445952669573,117.875182383153,0,1120,1220
"score_diff",0.153149094088463,0.00107448708252669,142.532280358669,0,1110,1210
"favored_by",0.126470326262772,0.00105944606209277,119.374011370574,0,1110,1210
"score_diff",0.154225207163901,0.00111789831137507,137.959960753672,0,1100,1200
"favored_by",0.125245001723303,0.00110059803469899,113.797224576689,0,1100,1200
"score_diff",0.155315121782748,0.001187426749244,130.799749863841,0,1090,1190
"favored_by",0.124955966733452,0.00117206872219196,106.611467713057,0,1090,1190
"score_diff",0.156624254607264,0.00119351761224687,131.22911048829,0,1080,1180
"favored_by",0.125213535542553,0.00117764074188191,106.325750366328,0,1080,1180
"score_diff",0.156970367172243,0.00118523076320533,132.438654180501,0,1070,1170
"favored_by",0.124483721682506,0.0011696632549964,106.426974730337,0,1070,1170
"score_diff",0.158278179805408,0.00118103416959914,134.016596538548,0,1060,1160
"favored_by",0.123331196807226,0.00116139891292899,106.191934084208,0,1060,1160
"score_diff",0.159216409822564,0.00117958901391017,134.976172162527,0,1050,1150
"favored_by",0.122937958527327,0.00115763125945711,106.197856634401,0,1050,1150
"score_diff",0.159718640716119,0.00117515398668766,135.912946324855,0,1040,1140
"favored_by",0.122931755272143,0.00115441251205253,106.488585309572,0,1040,1140
"score_diff",0.159984188793953,0.00117341235868108,136.34097818245,0,1030,1130
"favored_by",0.12291159838836,0.00115368816200194,106.53797311665,0,1030,1130
"score_diff",0.159977628035445,0.00116876201664802,136.877846607522,0,1020,1120
"favored_by",0.122641340140588,0.00115091388741556,106.559962028077,0,1020,1120
"score_diff",0.161048176953482,0.00116949210850728,137.707792794806,0,1010,1110
"favored_by",0.121941331138088,0.00114917335144412,106.112216215986,0,1010,1110
"score_diff",0.16263047062635,0.00117395220049348,138.532446685637,0,1000,1100
"favored_by",0.121125891741968,0.00115007213369888,105.320256175933,0,1000,1100
"score_diff",0.163566627851262,0.0011759708923583,139.090711270281,0,990,1090
"favored_by",0.120310968149326,0.00115064167225245,104.559891276847,0,990,1090
"score_diff",0.16568503187921,0.00118271803968481,140.088361147653,0,980,1080
"favored_by",0.118751542698134,0.00115098830422437,103.173544216123,0,980,1080
"score_diff",0.166730666458442,0.00118739323728394,140.417396042969,0,970,1070
"favored_by",0.119784051390166,0.00115734617760107,103.498895756888,0,970,1070
"score_diff",0.167543189811019,0.00119029250638956,140.757997644812,0,960,1060
"favored_by",0.119705227772881,0.00115750392625696,103.416692641358,0,960,1060
"score_diff",0.16842864642127,0.00118378243206159,142.280069258967,0,950,1050
"favored_by",0.119862878186781,0.00115451704087315,103.820796006727,0,950,1050
"score_diff",0.169668789923506,0.00118294544468864,143.429091075425,0,940,1040
"favored_by",0.118948453828127,0.00114802465118373,103.61141087474,0,940,1040
"score_diff",0.171555628553648,0.00118775919395649,144.436371805455,0,930,1030
"favored_by",0.118322631362727,0.00114727380240653,103.133734174469,0,930,1030
"score_diff",0.173131602382733,0.00119317563611407,145.101523315199,0,920,1020
"favored_by",0.117258764896471,0.00115008087325472,101.956973307998,0,920,1020
"score_diff",0.173333313182026,0.00119556112484565,144.980720416452,0,910,1010
"favored_by",0.118245683598797,0.00115700914538081,102.199437291292,0,910,1010
"score_diff",0.174125220719161,0.00119964963712942,145.146728953144,0,900,1000
"favored_by",0.118660582979522,0.00115962843519123,102.326382639931,0,900,1000
"score_diff",0.174550685804672,0.00120224714287224,145.187024847205,0,890,990
"favored_by",0.118458429311572,0.00116283183498804,101.870645219126,0,890,990
"score_diff",0.173064795773737,0.00119682562762744,144.603183436853,0,880,980
"favored_by",0.118788989064452,0.0011629096628124,102.148079823476,0,880,980
"score_diff",0.174729517947227,0.00120473957049375,145.035094909031,0,870,970
"favored_by",0.11747957969022,0.00116474496700991,100.862921083753,0,870,970
"score_diff",0.174627499124466,0.00120493749050463,144.926604492429,0,860,960
"favored_by",0.117184928395134,0.00116597520524497,100.503791048038,0,860,960
"score_diff",0.176201053386589,0.0012213591064897,144.266377063342,0,850,950
"favored_by",0.115941777639452,0.00117573540047544,98.6121346627544,0,850,950
"score_diff",0.17726177667683,0.00123473918534245,143.562121281238,0,840,940
"favored_by",0.115368132775549,0.00118814413776284,97.0994419858655,0,840,940
"score_diff",0.177779680497143,0.0012423510667883,143.09939054243,0,830,930
"favored_by",0.115714116856717,0.00119545697354331,96.7948821392901,0,830,930
"score_diff",0.178709417503219,0.00125070874605049,142.886517798448,0,820,920
"favored_by",0.115517064163725,0.00119757826943254,96.4588846610094,0,820,920
"score_diff",0.179612716351185,0.00125448686767979,143.176242795897,0,810,910
"favored_by",0.114884343601791,0.00120040583638059,95.7045859991697,0,810,910
"score_diff",0.180698248742598,0.00126076667910279,143.324099325967,0,800,900
"favored_by",0.115645800985828,0.00120608321092199,95.8854247688461,0,800,900
"score_diff",0.182809672488807,0.00126940474838181,144.012122785775,0,790,890
"favored_by",0.114300616217975,0.00120768084145247,94.6447209351328,0,790,890
"score_diff",0.184621694714148,0.00127536035856676,144.760414947837,0,780,880
"favored_by",0.113880702314216,0.00120671265910339,94.3726755952254,0,780,880
"score_diff",0.186885940834615,0.00128364638511488,145.589893760258,0,770,870
"favored_by",0.112994920357291,0.00120879452584355,93.4773594200702,0,770,870
"score_diff",0.189139887882455,0.00129590248025867,145.952253941748,0,760,860
"favored_by",0.114198963056114,0.00121926696785044,93.6619838536644,0,760,860
"score_diff",0.19006521554748,0.00129685498672138,146.558572464598,0,750,850
"favored_by",0.113952373786482,0.00121923063064173,93.4625254013704,0,750,850
"score_diff",0.191764045773943,0.00130307411990764,147.162807429201,0,740,840
"favored_by",0.114883295484266,0.001223600972362,93.8895097986878,0,740,840
"score_diff",0.192730795399034,0.00130575994024766,147.600481113304,0,730,830
"favored_by",0.113952806602997,0.00122543722287783,92.9895097648405,0,730,830
"score_diff",0.194483120405263,0.00131330802475222,148.086447916098,0,720,820
"favored_by",0.113828478296259,0.00123032434839468,92.5190812038969,0,720,820
"score_diff",0.197059868573392,0.00131538544051449,149.811502015954,0,710,810
"favored_by",0.112362104110641,0.00122052103834509,92.0607679675827,0,710,810
"score_diff",0.197167876125451,0.00130551231427457,151.027205158928,0,700,800
"favored_by",0.110846548521912,0.00121027155856218,91.5881627868697,0,700,800
"score_diff",0.198162124643813,0.00130653580773303,151.669876532235,0,690,790
"favored_by",0.110767572566134,0.00121117553159846,91.4545990042806,0,690,790
"score_diff",0.199866031638376,0.00131495164048792,151.994967331432,0,680,780
"favored_by",0.110926143716715,0.0012170777064056,91.1413816331532,0,680,780
"score_diff",0.201777838471792,0.00132782429267702,151.961249379607,0,670,770
"favored_by",0.111554485416552,0.00122689632573227,90.9241335855909,0,670,770
"score_diff",0.202352695175402,0.00133075224385577,152.058879562057,0,660,760
"favored_by",0.109567861209311,0.00122109042224755,89.7295230664729,0,660,760
"score_diff",0.203912206814717,0.00134051161641679,152.115210578911,0,650,750
"favored_by",0.108629151971006,0.00122343400309218,88.7903652313488,0,650,750
"score_diff",0.2061791584063,0.00135552714093232,152.102567466478,0,640,740
"favored_by",0.107137207260451,0.00123165359023701,86.9864774557552,0,640,740
"score_diff",0.207425698746197,0.00136409025455628,152.061564880594,0,630,730
"favored_by",0.1063231061743,0.00123567427342709,86.0446061399475,0,630,730
"score_diff",0.208463106494836,0.0013715154743213,151.994717083301,0,620,720
"favored_by",0.10642098713407,0.00124042814462286,85.7937540319402,0,620,720
"score_diff",0.211489930700783,0.00139947148303678,151.121286331509,0,610,710
"favored_by",0.105913111680658,0.00125754568470002,84.2220787437416,0,610,710
"score_diff",0.21431064905916,0.00142599207061744,150.288808384724,0,600,700
"favored_by",0.106299082462702,0.00127551823729654,83.337955784939,0,600,700
"score_diff",0.215032277358772,0.00143195112043432,150.167330637341,0,590,690
"favored_by",0.10467311068648,0.0012763131386667,82.0120921076049,0,590,690
"score_diff",0.217708198132721,0.00145049853371166,150.09198084167,0,580,680
"favored_by",0.104343386335134,0.00128550710081981,81.1690470387833,0,580,680
"score_diff",0.21738311837951,0.00144714439082856,150.215223689633,0,570,670
"favored_by",0.103511943464103,0.00128426919641748,80.5998802687581,0,570,670
"score_diff",0.220764712218174,0.00146521215511572,150.670816814742,0,560,660
"favored_by",0.102840315555983,0.00129257227805815,79.5625260588766,0,560,660
"score_diff",0.222963053314887,0.0014766374221833,150.993771365501,0,550,650
"favored_by",0.102884606428,0.00129719216850369,79.3133114168249,0,550,650
"score_diff",0.22364568909715,0.00147790975073758,151.325673969967,0,540,640
"favored_by",0.101991269643508,0.00129554623584229,78.7245308749629,0,540,640
"score_diff",0.226675162727328,0.00149408911497607,151.71462026946,0,530,630
"favored_by",0.10261883561148,0.00130358729957567,78.7203401297966,0,530,630
"score_diff",0.2280387946069,0.00149967811040135,152.058493769621,0,520,620
"favored_by",0.101158072262154,0.00130388135040367,77.5822679194212,0,520,620
"score_diff",0.229889599498625,0.00150979687462558,152.265250618986,0,510,610
"favored_by",0.100082929421132,0.00130651827355552,76.6027781217087,0,510,610
"score_diff",0.231518439165908,0.00151898531893835,152.416508757123,0,500,600
"favored_by",0.100083120985153,0.00130779515751579,76.5281324143035,0,500,600
"score_diff",0.225716641778927,0.00208803672957396,108.099938368891,0,550,600
"favored_by",0.102215987172943,0.00181842781179848,56.2111877687616,0,550,600
"score_diff",0.227510739720735,0.00209773194397014,108.455582408757,0,545,595
"favored_by",0.100463665371083,0.00182646420541786,55.0044534533314,0,545,595
"score_diff",0.229460959271398,0.00211912917127134,108.280779851535,0,540,590
"favored_by",0.101469299286983,0.00183704982787477,55.2349194601708,0,540,590
"score_diff",0.230833434588764,0.00212648042120912,108.551873925795,0,535,585
"favored_by",0.0989605909567667,0.00182856262845957,54.1193336320854,0,535,585
"score_diff",0.230910265980569,0.00212806919554142,108.506935049084,0,530,580
"favored_by",0.100861206160575,0.00184655977135069,54.621143450341,0,530,580
"score_diff",0.23426950939038,0.00215761012915353,108.578239518318,0,525,575
"favored_by",0.100921312762495,0.00186009599407332,54.2559701671598,0,525,575
"score_diff",0.236369944411421,0.00217959811223618,108.446572367837,0,520,570
"favored_by",0.0998365369792481,0.00186162625551662,53.6286683126644,0,520,570
"score_diff",0.236434369762129,0.00217966356202015,108.472873466306,0,515,565
"favored_by",0.100239778382909,0.00186689333732283,53.6933612536512,0,515,565
"score_diff",0.238202870527249,0.00219391858421243,108.574161430315,0,510,560
"favored_by",0.0977993056378933,0.00186399764144435,52.4675050350984,0,510,560
"score_diff",0.23681075881667,0.00218448976564061,108.405524503441,0,505,555
"favored_by",0.0986059576561534,0.0018632832712142,52.9205404135344,0,505,555
"score_diff",0.237761028072518,0.00219183604859903,108.475735776172,0,500,550
"favored_by",0.0978432328216434,0.00186193615859558,52.549187774217,0,500,550
"score_diff",0.2361286636188,0.0021789567268199,108.367761834087,0,495,545
"favored_by",0.0979658386762313,0.00186074589090851,52.6486927392324,0,495,545
"score_diff",0.238538589618194,0.00220262997198853,108.297168680966,0,490,540
"favored_by",0.0977411877899202,0.00186886320908296,52.2998084155562,0,490,540
"score_diff",0.237688536187084,0.00219783543771377,108.146648337935,0,485,535
"favored_by",0.0986456239731165,0.00186569308021481,52.8734468810695,0,485,535
"score_diff",0.237177949675198,0.00219018587661558,108.291242404366,0,480,530
"favored_by",0.0975311650397974,0.00185459167177191,52.5890235162193,0,480,530
"score_diff",0.240023549590603,0.00220171418976276,109.016670150301,0,475,525
"favored_by",0.0968526006530984,0.00184101241735139,52.6083364458982,0,475,525
"score_diff",0.240707743923043,0.0021903569761205,109.894298759181,0,470,520
"favored_by",0.0984396443431859,0.00184008255718893,53.4974063846194,0,470,520
"score_diff",0.242825496457784,0.0021971101773619,110.520400369429,0,465,515
"favored_by",0.0985385057074562,0.00183508207431538,53.6970564350471,0,465,515
"score_diff",0.242059003618593,0.00218925741525387,110.566716335878,0,460,510
"favored_by",0.100317869124475,0.00183329368635393,54.7200210589219,0,460,510
"score_diff",0.244333063978457,0.00219977090157901,111.07205018626,0,455,505
"favored_by",0.100144505274134,0.00183910943606314,54.4527167934644,0,455,505
"score_diff",0.247316259136514,0.00222627439148921,111.089747104838,0,450,500
"favored_by",0.0988625510803048,0.00184453779791668,53.5974655504297,0,450,500
"score_diff",0.248588804679731,0.00223694545416226,111.128684079974,0,445,495
"favored_by",0.100077410302604,0.00185309437330067,54.0055659034513,0,445,495
"score_diff",0.249872538234628,0.00224018018672163,111.541267847879,0,440,490
"favored_by",0.0986587713598184,0.00185298627254779,53.2431204814949,0,440,490
"score_diff",0.251760904260327,0.00225354259191827,111.717837134829,0,435,485
"favored_by",0.0981656709883753,0.00186527327222051,52.6280371087472,0,435,485
"score_diff",0.254329549322321,0.00227571902561038,111.757886830561,0,430,480
"favored_by",0.0983080737145655,0.0018803377782069,52.2821350791093,0,430,480
"score_diff",0.255555764385139,0.00229767216248481,111.223771849492,0,425,475
"favored_by",0.0961508408465981,0.00188699234734963,50.9545473152802,0,425,475
"score_diff",0.256909878788628,0.00232714605914107,110.396972196688,0,420,470
"favored_by",0.095691888468231,0.00189460530229376,50.5075586732385,0,420,470
"score_diff",0.258451275487765,0.00235898976486076,109.560151272221,0,415,465
"favored_by",0.0945832608241565,0.00191407040962683,49.414723903807,0,415,465
"score_diff",0.260028908560633,0.0023877696420237,108.900332755823,0,410,460
"favored_by",0.0943785892947904,0.00192723536140005,48.9709721941946,0,410,460
"score_diff",0.261432602517616,0.00240502450813102,108.702677096949,0,405,455
"favored_by",0.0935782074922056,0.00193886855410613,48.2643381337151,0,405,455
"score_diff",0.262439313377628,0.00242785769623396,108.095014705647,0,400,450
"favored_by",0.0935409440941409,0.00195387586010805,47.8745584629763,0,400,450
"score_diff",0.263526773222919,0.00243977542988497,108.012717070171,0,395,445
"favored_by",0.0922193426470443,0.00195137757739741,47.258584763508,0,395,445
"score_diff",0.265001171826439,0.00246439735876813,107.531835677224,0,390,440
"favored_by",0.0937628836015258,0.00195632887015634,47.927976237468,0,390,440
"score_diff",0.265729005795502,0.0024732957371182,107.439236565022,0,385,435
"favored_by",0.0948150143194877,0.00195202455574188,48.5726544989351,0,385,435
"score_diff",0.266709980961363,0.00248184886759071,107.464231381774,0,380,430
"favored_by",0.0936533731689658,0.00195209858116065,47.9757395824154,0,380,430
"score_diff",0.269363417296957,0.00250788599027345,107.406564070956,0,375,425
"favored_by",0.0922032876655926,0.00195357638179646,47.1971756644624,0,375,425
"score_diff",0.270940916589369,0.00252265535316144,107.403064889471,0,370,420
"favored_by",0.0922134811079059,0.00196461502686454,46.9371759082367,0,370,420
"score_diff",0.272814711136279,0.00253742336622912,107.516433704837,0,365,415
"favored_by",0.0932705906190297,0.00197669007048927,47.1852375906068,0,365,415
"score_diff",0.276813386788424,0.00257051188024087,107.688040236751,0,360,410
"favored_by",0.0918460148080386,0.00198570671140073,46.2535651819647,0,360,410
"score_diff",0.278530104890826,0.00259584466042526,107.298448607936,0,355,405
"favored_by",0.0911528440537655,0.00198605337256581,45.8964725283308,0,355,405
"score_diff",0.280262405008512,0.00260894031824636,107.423846781169,0,350,400
"favored_by",0.09173378856323,0.0019893977638755,46.1113359173208,0,350,400
"score_diff",0.280345659024875,0.00260402034625655,107.658782093577,0,345,395
"favored_by",0.0901050152847418,0.00197416596891169,45.6420669303778,0,345,395
"score_diff",0.282879286207151,0.0026263444107522,107.708374061318,0,340,390
"favored_by",0.0900878053004151,0.00199230908882915,45.2177856365441,0,340,390
"score_diff",0.286655198445406,0.00267245415433702,107.262905887536,0,335,385
"favored_by",0.0882424582810145,0.00200790032551286,43.9476288537758,0,335,385
"score_diff",0.288431275258819,0.00268226519946635,107.532720968905,0,330,380
"favored_by",0.0878361211997926,0.00200257575424568,43.8615722843795,0,330,380
"score_diff",0.28744937205243,0.00267713924603986,107.371841968115,0,325,375
"favored_by",0.0895489885366679,0.00200722805281534,44.6132607657942,0,325,375
"score_diff",0.289562586614528,0.00270055524766142,107.223352258865,0,320,370
"favored_by",0.0899535922936765,0.00201986267589383,44.5345088887641,0,320,370
"score_diff",0.291289536729139,0.00271453393382695,107.307384556611,0,315,365
"favored_by",0.0880316733614721,0.00201206988824123,43.7517970304806,0,315,365
"score_diff",0.294150371967641,0.00274557701089619,107.136084983326,0,310,360
"favored_by",0.0884166834233466,0.00201387493522929,43.9037607930107,0,310,360
"score_diff",0.294872901576336,0.00275400553654975,107.070555110705,0,305,355
"favored_by",0.0869523966106972,0.00201980986690877,43.0497929707482,0,305,355
"score_diff",0.298600700941169,0.00278464282274118,107.231239318236,0,300,350
"favored_by",0.0844230663732412,0.00195583610191568,43.1646937545286,0,300,350
"score_diff",0.302479333405053,0.00282537492424502,107.058122024595,0,295,345
"favored_by",0.0847007614358093,0.00196648559125684,43.0721495303073,0,295,345
"score_diff",0.302903554712368,0.00281629211163534,107.554025898429,0,290,340
"favored_by",0.0853695867837585,0.00195791321856406,43.6023343498181,0,290,340
"score_diff",0.303898827721525,0.00282214783454307,107.683525292972,0,285,335
"favored_by",0.0852502506603497,0.00194939290307777,43.7316923262383,0,285,335
"score_diff",0.304487414571541,0.00283752497931899,107.307395279607,0,280,330
"favored_by",0.0851015608294201,0.00193970946115602,43.8733545067629,0,280,330
"score_diff",0.309619016894362,0.00288244076458743,107.415569713773,0,275,325
"favored_by",0.0841148158778053,0.0019338654166241,43.4956926964661,0,275,325
"score_diff",0.315486926863149,0.00294395015958266,107.164493201839,0,270,320
"favored_by",0.0818312907945257,0.0019194433283609,42.6328246244212,0,270,320
"score_diff",0.316528295104954,0.002959039363182,106.969950803418,0,265,315
"favored_by",0.0820992225579731,0.00191946119578363,42.772014739509,0,265,315
"score_diff",0.317032179686752,0.0029587135801383,107.152034524387,0,260,310
"favored_by",0.081442786632454,0.00191002537914676,42.6396358507216,0,260,310
"score_diff",0.320652584779382,0.00298958741447114,107.256467306244,0,255,305
"favored_by",0.0810742271785556,0.00189863402005649,42.7013454526342,0,255,305
"score_diff",0.323238777471788,0.00301221574503402,107.309304788239,0,250,300
"favored_by",0.0806014963743428,0.00188764862278919,42.6994173604438,0,250,300
"score_diff",0.326270897803872,0.00303683538957644,107.437794924202,0,245,295
"favored_by",0.0808328842403815,0.00195322206918717,41.3843799512361,0,245,295
"score_diff",0.332607578415842,0.00310291463255857,107.19198489247,0,240,290
"favored_by",0.0787009124753541,0.0019502922329924,40.3533948113,0,240,290
"score_diff",0.336822020536253,0.00311690950010631,108.06281687831,0,235,285
"favored_by",0.0766778676134755,0.00193961207706183,39.5325789730227,0,235,285
"score_diff",0.340681700507978,0.00312805981626367,108.911504420944,0,230,280
"favored_by",0.0763981334442378,0.00193668438708574,39.4479007285225,0,230,280
"score_diff",0.345818091953982,0.00316230352294942,109.356388292368,0,225,275
"favored_by",0.0748229862616057,0.00193339077834412,38.7003947156969,0,225,275
"score_diff",0.348257044552061,0.00317346372113821,109.740357903683,0,220,270
"favored_by",0.0770424629388658,0.00194736758324874,39.5623628541347,0,220,270
"score_diff",0.348775801113501,0.00316706464801425,110.125886231019,0,215,265
"favored_by",0.0760705830054865,0.00193366559404787,39.3400923301547,0,215,265
"score_diff",0.35648226633677,0.00324510057734691,109.852455367722,0,210,260
"favored_by",0.0749503346245377,0.00195159528387586,38.4046504128083,0,210,260
"score_diff",0.360884625112846,0.00327765932932896,110.104372923567,0,205,255
"favored_by",0.0744849474094289,0.00195099535726822,38.1779214040379,0,205,255
"score_diff",0.363992641049779,0.00331225062243333,109.892844033153,0,200,250
"favored_by",0.0759684298433942,0.00196247691643568,38.7104832709934,0,200,250
"score_diff",0.369401402945137,0.0033729150020811,109.519926448551,0,195,245
"favored_by",0.0742261326911533,0.00196695905868683,37.7364909367801,0,195,245
"score_diff",0.373861818203858,0.00341764098566797,109.391776307595,0,190,240
"favored_by",0.0720620186158579,0.00196811588692206,36.6147232968867,1.66773243062714e-293,190,240
"score_diff",0.377885924182772,0.00348585615316578,108.405484213565,0,185,235
"favored_by",0.0734627905239672,0.00198822955600787,36.9488474316174,7.60056501225013e-299,185,235
"score_diff",0.384397939305796,0.00358964566767154,107.085204193744,0,180,230
"favored_by",0.0733087860114078,0.00203129247844116,36.0897245421132,3.28733398325855e-285,180,230
"score_diff",0.38908294931455,0.00365325494491221,106.503092497395,0,175,225
"favored_by",0.0716483863812949,0.00205481281406875,34.8685709426852,2.22735972944704e-266,175,225
"score_diff",0.392396734928011,0.00371378977639091,105.65938261302,0,170,220
"favored_by",0.0714352994610482,0.00206280110293214,34.6302410637204,8.86162892018695e-263,170,220
"score_diff",0.401691593980843,0.00383241773293113,104.814146571026,0,165,215
"favored_by",0.0701502226001205,0.00208863229812903,33.5866790257722,2.62533518728684e-247,165,215
"score_diff",0.405375857011028,0.00387159338057341,104.705173597282,0,160,210
"favored_by",0.0706662847608298,0.00210809724375709,33.5213591166634,2.35446194507614e-246,160,210
"score_diff",0.412252215896611,0.00395542699497731,104.224453243632,0,155,205
"favored_by",0.0698225906171991,0.00212822232876213,32.8079400697816,4.53682447746071e-236,155,205
"score_diff",0.418999077590432,0.00403195311454627,103.919630433893,0,150,200
"favored_by",0.0661066091627851,0.00213861325821322,30.9109694840367,8.50714137847151e-210,150,200
"score_diff",0.426605887196482,0.0041278047171885,103.349338552781,0,145,195
"favored_by",0.0684133883490761,0.00216182348658976,31.6461490836133,8.56719764004513e-220,145,195
"score_diff",0.430466390634187,0.004165446763665,103.342189939654,0,140,190
"favored_by",0.0699407750336589,0.0021745138417661,32.1638674770883,5.65212289648962e-227,140,190
"score_diff",0.436286228548751,0.0042175832651678,103.444603489385,0,135,185
"favored_by",0.0666184702479098,0.00217683627002252,30.6033444799322,1.1047641088757e-205,135,185
"score_diff",0.444739063453496,0.0043012155105915,103.39846082075,0,130,180
"favored_by",0.0647160569599665,0.00218865890228562,29.5688180978697,3.76287685523164e-192,130,180
"score_diff",0.452757109616044,0.00437034131535521,103.597654495607,0,125,175
"favored_by",0.0649315005694883,0.00219593176383056,29.5689973791455,3.74295941154843e-192,125,175
"score_diff",0.458739472276879,0.00443323245392372,103.477423537956,0,120,170
"favored_by",0.064077946065323,0.00220369200737359,29.0775416214775,6.90452648472435e-186,120,170
"score_diff",0.466725697809705,0.00450667621286418,103.563175112836,0,115,165
"favored_by",0.0636637169247151,0.00222498360257146,28.613117351129,4.61448433366317e-180,115,165
"score_diff",0.473981725899165,0.00456568475209805,103.813940653997,0,110,160
"favored_by",0.060326310964394,0.00222342379573424,27.1321693507703,4.11078069438116e-162,110,160
"score_diff",0.476500365319877,0.00456900406537809,104.289766106926,0,105,155
"favored_by",0.0620292175197925,0.00223206283222291,27.7900857557928,5.71601155953902e-170,105,155
"score_diff",0.483421049188208,0.00463093974665666,104.389405959604,0,100,150
"favored_by",0.0633671800676021,0.00224673893761534,28.2040690205242,5.21284521069303e-175,100,150
"score_diff",0.489541023242602,0.00466966982664669,104.834183446786,0,95,145
"favored_by",0.0631033278399133,0.00224877930468545,28.0611475338794,2.92056577554921e-173,95,145
"score_diff",0.500665171985202,0.00476773979039493,105.011010247212,0,90,140
"favored_by",0.0607211909391901,0.00225367514172125,26.9431870703487,6.85552903349524e-160,90,140
"score_diff",0.511260006460129,0.00486740521896436,105.037485777465,0,85,135
"favored_by",0.0607456791308961,0.00226787331332865,26.7853053227815,4.79282639140897e-158,85,135
"score_diff",0.520303519931869,0.00492768045744263,105.587917971835,0,80,130
"favored_by",0.0589447083948352,0.002271143749671,25.9537549762643,1.64922970016515e-148,80,130
"score_diff",0.532560016730378,0.00503348412500404,105.803456115986,0,75,125
"favored_by",0.0585081948738344,0.00226886635141304,25.7874135413026,1.22740103621902e-146,75,125
"score_diff",0.547767609647643,0.0051781044266869,105.785353965548,0,70,120
"favored_by",0.0590920626447838,0.00231269242607474,25.5511982391358,5.3248588576539e-144,70,120
"score_diff",0.561046361762245,0.0052853271826471,106.151680373598,0,65,115
"favored_by",0.0567071768632539,0.00231839192683575,24.459702523486,3.96785500065742e-132,65,115
"score_diff",0.575054341913559,0.00540237304455488,106.444767358886,0,60,110
"favored_by",0.0546221325138815,0.00232461314339461,23.4973000428438,4.34639495957464e-122,60,110
"score_diff",0.601607387876328,0.00565314038263984,106.42003331879,0,55,105
"favored_by",0.0533361341164511,0.00236303242810952,22.5710546677184,8.34321037627076e-113,55,105
"score_diff",0.619053570673023,0.00576010450532288,107.472628335295,0,50,100
"favored_by",0.0519095641948668,0.00236191772040262,21.9777190993843,4.70514372829531e-107,50,100
"score_diff",0.5301397272268,0.0146880628003951,36.0932366937142,2.89568292632517e-285,95,100
"favored_by",0.0576711973617813,0.00662211023343358,8.70888513311242,3.0687805884856e-18,95,100
"score_diff",0.524589203115758,0.0143058007724884,36.6696846585896,2.22253141474176e-294,94,99
"favored_by",0.0527628113776013,0.00651425203337827,8.09959625560245,5.51418827447736e-16,94,99
"score_diff",0.530230201978409,0.0144812025441556,36.6150670402994,1.64685823800583e-293,93,98
"favored_by",0.0629791753366512,0.00657676520142964,9.57601091231918,1.00865656771361e-21,93,98
"score_diff",0.533475059658661,0.0145326562002816,36.7087098398656,5.30350141914069e-295,92,97
"favored_by",0.0614992589297807,0.00646088271949122,9.51870844896309,1.75344684689784e-21,92,97
"score_diff",0.549437084960077,0.0150065863318785,36.6130626119085,1.77236410701142e-293,91,96
"favored_by",0.0566524594815407,0.00661274462576246,8.56716275732613,1.06065929018097e-17,91,96
"score_diff",0.565482518924138,0.015551292954003,36.3624118326816,1.6728234751134e-289,90,95
"favored_by",0.0513571243618926,0.0066453288397905,7.72830443760427,1.08988451518482e-14,90,95
"score_diff",0.572707584193546,0.0158352827293871,36.1665525005571,2.04395686599041e-286,89,94
"favored_by",0.0528840507056404,0.00665405536838163,7.94764211865923,1.9009487116446e-15,89,94
"score_diff",0.579900013181806,0.0161987176712936,35.7991308293169,1.13933895697601e-280,88,93
"favored_by",0.0611085301729509,0.00679567403294999,8.99226918134326,2.42177716406339e-19,88,93
"score_diff",0.597138787061168,0.0167380413106628,35.6755474537375,9.46742402334473e-279,87,92
"favored_by",0.0556128325213753,0.0067924690389363,8.18742525031578,2.66873877665292e-16,87,92
"score_diff",0.607009625903735,0.0171795051258668,35.3333592240543,1.80610947502447e-273,86,91
"favored_by",0.0553537279497895,0.00691243188566144,8.00785148633589,1.16729747101015e-15,86,91
"score_diff",0.597715400792794,0.0169301800702559,35.3047279067575,4.96898287958171e-273,85,90
"favored_by",0.0537459987954015,0.00692673161178171,7.75921485163142,8.54567729225746e-15,85,90
"score_diff",0.576898332463649,0.0160375091182636,35.9718163344127,2.3082685245441e-283,84,89
"favored_by",0.0577591287794424,0.00689910957498013,8.371968607211,5.66635419207801e-17,84,89
"score_diff",0.561839836705217,0.0155265081688818,36.1858462053467,1.01651706775964e-286,83,88
"favored_by",0.0509707043990076,0.0068543520930985,7.43625417934526,1.03580444504726e-13,83,88
"score_diff",0.56859669381423,0.0156051166797672,36.4365551044833,1.12331858865168e-290,82,87
"favored_by",0.0475290196945234,0.00669553717956159,7.09861186935199,1.26016161855601e-12,82,87
"score_diff",0.549878809457132,0.0148720691967104,36.9739275808884,3.00581249378909e-299,81,86
"favored_by",0.0436435639149827,0.00657076147266256,6.64208617168045,3.0927404888346e-11,81,86
"score_diff",0.55587992280602,0.015106855081399,36.7965350703915,2.09752629028204e-296,80,85
"favored_by",0.0460186538466738,0.00667027817423793,6.89906067552143,5.23475111653085e-12,80,85
"score_diff",0.561246080673891,0.0150207798379117,37.3646432961711,1.46658680576532e-305,79,84
"favored_by",0.0446518994915696,0.00646227827756666,6.90962189705997,4.85947153505883e-12,79,84
"score_diff",0.596626929955014,0.0162086027072845,36.8092759585547,1.31194570594392e-296,78,83
"favored_by",0.0448312451952051,0.00645117321897439,6.94931660854278,3.67059939209664e-12,78,83
"score_diff",0.614986730649043,0.0168461528945928,36.5060636987593,8.88607175051404e-292,77,82
"favored_by",0.0498125279127245,0.00657367744956975,7.57757408921619,3.52075970102866e-14,77,82
"score_diff",0.607317225123452,0.0165932005059369,36.6003668132713,2.82190471628746e-293,76,81
"favored_by",0.0526773391551622,0.00667102550032381,7.89643798432569,2.86986948842326e-15,76,81
"score_diff",0.629778550550828,0.0176172833761695,35.7477675248566,7.16583327642832e-280,75,80
"favored_by",0.0601856914717771,0.00689895302334308,8.72388770703825,2.68809682271293e-18,75,80
"score_diff",0.622808617398164,0.0172954641745484,36.0099394334079,5.84707400022765e-284,74,79
"favored_by",0.0586699209452512,0.00694200285542187,8.45144004794359,2.87731563624558e-17,74,79
"score_diff",0.620341418990868,0.0173586125572222,35.7368088576164,1.06049229181036e-279,73,78
"favored_by",0.0545504326516597,0.0070679802848653,7.7179661590835,1.18200571116031e-14,73,78
"score_diff",0.60797337774858,0.0170519311058407,35.6542243793335,2.02658825271791e-278,72,77
"favored_by",0.0595003969070709,0.00725974035178841,8.19594007827198,2.48642185620024e-16,72,77
"score_diff",0.609685285695256,0.0170173718768538,35.8272293810844,4.16181576717691e-281,71,76
"favored_by",0.0602147047584308,0.00724478410460338,8.31145606121927,9.45348518482086e-17,71,76
"score_diff",0.625836017203271,0.0176677809813856,35.4224459688877,7.70699944822806e-275,70,75
"favored_by",0.0589108744740863,0.0074028934958132,7.95781737335598,1.75100542839497e-15,70,75
"score_diff",0.611219021199215,0.0169818761911009,35.9924318326803,1.09870939609183e-283,69,74
"favored_by",0.0528741921726186,0.00711299740470743,7.43346147400899,1.05792014637579e-13,69,74
"score_diff",0.626705503575296,0.0173433533069578,36.1351978757116,6.35505591620772e-286,68,73
"favored_by",0.0528841220674376,0.00711561310481876,7.43212444077713,1.06867187427505e-13,68,73
"score_diff",0.63493262882224,0.017609167721105,36.056935732474,1.07379694713371e-284,67,72
"favored_by",0.0584219407959428,0.00728541814688165,8.0190237016044,1.06588940177732e-15,67,72
"score_diff",0.645989459164589,0.0178752900166883,36.1386841031108,5.60227510556821e-286,66,71
"favored_by",0.0469503589968565,0.00715111859456962,6.5654566311499,5.18736498708397e-11,66,71
"score_diff",0.659418692564328,0.0183960601906517,35.8456476946855,2.14983595790009e-281,65,70
"favored_by",0.0474332688707152,0.0071457494545824,6.63796977100804,3.18033063642304e-11,65,70
"score_diff",0.670822456663054,0.0186945742389809,35.8832700915056,5.57126611560571e-282,64,69
"favored_by",0.0425432077305735,0.0071501516576111,5.94997277928891,2.68187087241152e-09,64,69
"score_diff",0.671219698806433,0.0187502879012052,35.7978342702295,1.19351083100416e-280,63,68
"favored_by",0.0464182226457927,0.00731589719575809,6.34484348313519,2.22651692306395e-10,63,68
"score_diff",0.671748372056493,0.0187330745571012,35.8589493683433,1.3339247378996e-281,62,67
"favored_by",0.0411969827693871,0.00722248418850328,5.703990717621,1.17034453043731e-08,62,67
"score_diff",0.667484126099549,0.0183940848742688,36.2879768502798,2.50387378301038e-288,61,66
"favored_by",0.0364078849728889,0.00696235877053168,5.22924574455801,1.70203000373648e-07,61,66
"score_diff",0.666109172503993,0.0182622928687935,36.4745641354946,2.80720935265153e-291,60,65
"favored_by",0.0435285244685335,0.00697679085519828,6.2390467726435,4.40245355078997e-10,60,65
"score_diff",0.654176178726349,0.0176606632178148,37.0414276439213,2.46771134304625e-300,59,64
"favored_by",0.0439150004868315,0.00697020859840883,6.30038539977935,2.96906464045218e-10,59,64
"score_diff",0.630776689598623,0.0167731965544441,37.6062301274052,0,58,63
"favored_by",0.0452155299544835,0.00688900983735597,6.56342943644822,5.25841248390174e-11,58,63
"score_diff",0.662270023040171,0.0176919016150684,37.4335126573454,1.1140849947262e-306,57,62
"favored_by",0.0340928031497374,0.00703756902183744,4.84440053716675,1.26994515316488e-06,57,62
"score_diff",0.679674583144394,0.0182455491259866,37.2515279453198,1.0009128123255e-303,56,61
"favored_by",0.0429361480197358,0.00723217067728717,5.9368272591489,2.90590552569809e-09,56,61
"score_diff",0.710119227433512,0.019190807355089,37.003092902457,1.02120036944066e-299,55,60
"favored_by",0.0480907605625222,0.007525101881603,6.39071222146402,1.65114870266838e-10,55,60
"score_diff",0.722920596094434,0.0194020397952877,37.2600305803936,7.28995445149596e-304,54,59
"favored_by",0.0528391408469807,0.00755889299683192,6.9903279315009,2.74244458845943e-12,54,59
"score_diff",0.71993633071454,0.0192089205066791,37.4792706578285,2.00464911828228e-307,53,58
"favored_by",0.0505046797709241,0.00741310982319482,6.81288703060899,9.56592606414686e-12,53,58
"score_diff",0.730534814451469,0.0194553046793891,37.5493895618811,0,52,57
"favored_by",0.0504636640154528,0.00728892271122021,6.92333641263222,4.41128493992431e-12,52,57
"score_diff",0.731178801829125,0.019226706328018,38.0293321879898,0,51,56
"favored_by",0.0590560801235204,0.00720373762301249,8.19797766299323,2.44464763764491e-16,51,56
"score_diff",0.709802750534329,0.0181264000082561,39.1585063890806,0,50,55
"favored_by",0.0562628099936958,0.00687109632004321,8.18833085334219,2.64873852879211e-16,50,55
"score_diff",0.699735196451322,0.0178079791315299,39.2933522261606,0,49,54
"favored_by",0.0641781157551211,0.00686061637434241,9.35456994726259,8.39404951005002e-21,49,54
"score_diff",0.703432541101179,0.0179730516265524,39.1381806338311,0,48,53
"favored_by",0.0573629530671049,0.00687917432801573,8.33863925115137,7.51502959028987e-17,48,53
"score_diff",0.73657802347253,0.0191248803802056,38.5141244718527,0,47,52
"favored_by",0.0500898682580018,0.00694584435884574,7.2114872822065,5.53440178785982e-13,47,52
"score_diff",0.728931086332688,0.0185379546944939,39.3210091590738,0,46,51
"favored_by",0.0557898826662026,0.00687207856355136,8.11834180157734,4.72596225447001e-16,46,51
"score_diff",0.707103954926577,0.0177465643777775,39.8445546909363,0,45,50
"favored_by",0.0574655104969882,0.00682524746210442,8.41954974029176,3.77933978084961e-17,45,50
"score_diff",0.729296070563936,0.018677017035721,39.0477809796451,0,44,49
"favored_by",0.0498082322662768,0.00694956430826797,7.16710142634689,7.66022814435936e-13,44,49
"score_diff",0.725393654247142,0.0181885043986106,39.8819847058208,0,43,48
"favored_by",0.037654811879356,0.0068615595755264,5.48779201942107,4.06988848682054e-08,43,48
"score_diff",0.74428038692059,0.0186930826322997,39.8158185870612,0,42,47
"favored_by",0.0400964292038476,0.00679628424215627,5.89975754032414,3.64036130564857e-09,42,47
"score_diff",0.737166774111526,0.0181416464838796,40.633950990422,0,41,46
"favored_by",0.0440548763018176,0.00674075058603245,6.53560397162654,6.33533521001414e-11,41,46
"score_diff",0.743177635610162,0.0182265805384666,40.7743862893926,0,40,45
"favored_by",0.0392761876069415,0.00676544018556349,5.80541495152841,6.42067899467587e-09,40,45
"score_diff",0.779595664552456,0.0193945590794808,40.1966170696428,0,39,44
"favored_by",0.0294963898016813,0.00682066032555545,4.32456512915107,1.52833047775904e-05,39,44
"score_diff",0.7425158945648,0.0177495242566539,41.8330026105599,0,38,43
"favored_by",0.0358943538951849,0.00655996935798286,5.47172584754605,4.45673906467415e-08,38,43
"score_diff",0.750045256555797,0.0180173419370958,41.6290737654,0,37,42
"favored_by",0.0359857241723856,0.00656930269867879,5.47786056191671,4.30499155383553e-08,37,42
"score_diff",0.741275928960066,0.0175533643800989,42.2298490994973,0,36,41
"favored_by",0.0289280007957608,0.00653611129637417,4.42587334946519,9.60528702008962e-06,36,41
"score_diff",0.740339263868028,0.0175158905452249,42.2667212926753,0,35,40
"favored_by",0.0289035138901154,0.00656121706965001,4.40520616576052,1.05683317019598e-05,35,40
"score_diff",0.748913682232475,0.0177342423808486,42.2298097741821,0,34,39
"favored_by",0.0280440320950137,0.0066197961183824,4.23638909620475,2.27143030872096e-05,34,39
"score_diff",0.728780489410723,0.0168530221430067,43.2433116877579,0,33,38
"favored_by",0.0346592005563479,0.00656227740703636,5.28158113510789,1.28073741662623e-07,33,38
"score_diff",0.780379435471121,0.0183977861622985,42.4170293418403,0,32,37
"favored_by",0.0359815665300073,0.00661691372495645,5.43781708900007,5.39373034615987e-08,32,37
"score_diff",0.785507303440482,0.0183607896670374,42.7817821392879,0,31,36
"favored_by",0.0410100960696903,0.00663191345872639,6.18375018385206,6.25964009358125e-10,31,36
"score_diff",0.766029926041445,0.0174034345683627,44.0160201155921,0,30,35
"favored_by",0.0365959036699822,0.00638346730189109,5.73291942125884,9.87165385476963e-09,30,35
"score_diff",0.788655206893501,0.017822005483359,44.2517654721795,0,29,34
"favored_by",0.0436614904229467,0.00636795566899059,6.85643755900513,7.05989172831964e-12,29,34
"score_diff",0.808811254192259,0.018226429069937,44.3757387192386,0,28,33
"favored_by",0.039099624456766,0.00620485044775535,6.30146121747553,2.9485256471217e-10,28,33
"score_diff",0.819692342601391,0.0183747904236977,44.6096158759039,0,27,32
"favored_by",0.0335507356914418,0.00611478639817194,5.48682055377634,4.09232469343423e-08,27,32
"score_diff",0.813219497372071,0.0181224851876307,44.8735087352768,0,26,31
"favored_by",0.0268281138768939,0.00623001528447139,4.30626774604618,1.66032078171864e-05,26,31
"score_diff",0.831036613553732,0.0182744162033147,45.475412418537,0,25,30
"favored_by",0.0287811369912233,0.00613021475079685,4.69496390603316,2.66653803381958e-06,25,30
"score_diff",0.851496046165652,0.0188170027675475,45.2514173848224,0,24,29
"favored_by",0.037319148040691,0.00603631520767652,6.18243858326539,6.31188708879049e-10,24,29
"score_diff",0.849850489182396,0.0186589860941011,45.5464452835983,0,23,28
"favored_by",0.0359557332161881,0.00592908154670432,6.06430067337732,1.32529023943892e-09,23,28
"score_diff",0.864572857918533,0.019008141718955,45.4843440617015,0,22,27
"favored_by",0.044486772533006,0.00602308793449943,7.38604068491044,1.51265525608263e-13,22,27
"score_diff",0.898896588983947,0.0197922362571692,45.4166258579471,0,21,26
"favored_by",0.0479708446534213,0.00611710134262179,7.84208761087175,4.43117014498299e-15,21,26
"score_diff",0.919077957974835,0.0200330552808115,45.878072270642,0,20,25
"favored_by",0.0487700996518555,0.00602245994883965,8.0980363615788,5.58533766576212e-16,20,25
"score_diff",0.936339742567773,0.0203646636055824,45.9786501119077,0,19,24
"favored_by",0.04795885064246,0.00597729178991328,8.02350835931932,1.02766989894388e-15,19,24
"score_diff",0.934793224722199,0.0201967919885268,46.2842428269413,0,18,23
"favored_by",0.0441595429654089,0.00608525709905042,7.25680809316994,3.96331373852158e-13,18,23
"score_diff",0.946552999662693,0.0201473716801565,46.9814631252854,0,17,22
"favored_by",0.0399305918921827,0.00607503728235376,6.57289659903316,4.93457280831048e-11,17,22
"score_diff",0.963003749415885,0.0203984504030051,47.2096522230931,0,16,21
"favored_by",0.0348485901150024,0.00619026194880201,5.62958246407434,1.80646388867775e-08,16,21
"score_diff",0.966565356293256,0.0202600976967159,47.7078329414932,0,15,20
"favored_by",0.0309850492381608,0.00611010348050775,5.0711169355819,3.95487659790696e-07,15,20
"score_diff",0.977481887586042,0.0203935544124699,47.9309230659835,0,14,19
"favored_by",0.0335181455777208,0.00604196802857495,5.54755427688456,2.89693244811024e-08,14,19
"score_diff",0.993762001699891,0.0206832690249353,48.0466603466711,0,13,18
"favored_by",0.0353820510439015,0.00607766958588034,5.82164767991027,5.82702845083995e-09,13,18
"score_diff",1.03207968198062,0.0215246175517281,47.9488046419557,0,12,17
"favored_by",0.034827408979652,0.00612353742455723,5.68746568608917,1.28938500115577e-08,12,17
"score_diff",1.03379489406273,0.021448238827473,48.1995236242216,0,11,16
"favored_by",0.0404192933932255,0.00611393325366235,6.61101319171477,3.81698467743037e-11,11,16
"score_diff",1.04536917546634,0.0215141786962163,48.5897784073992,0,10,15
"favored_by",0.0412201358569811,0.00588626433977239,7.00276669167988,2.50956555423454e-12,10,15
"score_diff",1.07995666387872,0.0223460958220016,48.3286508963866,0,9,14
"favored_by",0.043621508841835,0.00595570210339993,7.3243268525692,2.40100841508884e-13,9,14
"score_diff",1.11474220727869,0.0229286898991435,48.6177889876007,0,8,13
"favored_by",0.0358166413229259,0.00589362045833374,6.07718830490352,1.22308107713711e-09,8,13
"score_diff",1.11579685035359,0.0225332252921123,49.5178491267372,0,7,12
"favored_by",0.0375998615324096,0.0056284960419766,6.68026791739652,2.38505813006596e-11,7,12
"score_diff",1.14505161370255,0.0230104864191049,49.7621646429799,0,6,11
"favored_by",0.0443077004431453,0.00556882082891428,7.95638822012231,1.77134015330128e-15,6,11
"score_diff",1.23699310483694,0.025157796424559,49.1693741360189,0,5,10
"favored_by",0.0390735595141623,0.00558216913144488,6.99970900094325,2.56494689614563e-12,5,10
"score_diff",1.20386560876864,0.0353634893967902,34.0426137042323,5.22040112064596e-254,8,10
"favored_by",0.0219092269947934,0.00818724760316591,2.67601861537952,0.00745025068974099,8,10
"score_diff",1.21153731630417,0.0345888625042102,35.0268042540195,8.79482526501081e-269,7,9
"favored_by",0.0343122036065674,0.00783224649316736,4.38088914036355,1.18195999325802e-05,7,9
"score_diff",1.20613205404732,0.0336601419752232,35.8326490403735,3.42675713669642e-281,6,8
"favored_by",0.0439933024492956,0.00748743567187794,5.87561675014185,4.21271936802986e-09,6,8
"score_diff",1.27211603486562,0.0358970480602766,35.4379009864417,4.45541167378219e-275,5,7
"favored_by",0.0537306826061471,0.00768815666188563,6.98876011105748,2.7732613347811e-12,5,7
"score_diff",1.44897621192768,0.043342252207431,33.431031802248,4.85609894896475e-245,4,6
"favored_by",0.0484291062124492,0.0082912016791406,5.84102378480184,5.18809960186548e-09,4,6
"score_diff",1.63133614940169,0.0500950903754926,32.5647910239077,1.29300706337894e-232,3,5
"favored_by",0.0420994009984265,0.00820732250241562,5.12949271653887,2.9052401114076e-07,3,5
"score_diff",1.78319136312394,0.055302708114376,32.2441960606337,4.24279591908536e-228,2,4
"favored_by",0.0551161352136136,0.00782030136486724,7.04782752506486,1.81732696615661e-12,2,4
"score_diff",1.91995830261875,0.0553146538958544,34.7097589407975,5.61331317153154e-264,1,3
"favored_by",0.0518477390609304,0.00694797758833211,7.4622778213907,8.50393361778974e-14,1,3
"score_diff",2.46915686053236,0.0748992151396159,32.9663916494949,2.46345525232276e-238,0,2
"favored_by",0.0560290494774048,0.00811467229551628,6.90465953977752,5.03239725228357e-12,0,2
"score_diff",2.63277290203015,0.0958993796747182,27.4534925143445,6.31162170795525e-166,0,1
"favored_by",0.0476439903793394,0.0103532410337495,4.60184305803656,4.18768707797454e-06,0,1
